subreddit,author,degree_centrality
Metal,whoelsebut_rxe,0.05529786266484765
Metal,sardonic_malcontent,0.05475216007276034
Metal,Towering_Flesh,0.053933606184629376
Metal,onairmastering,0.05056844020009095
Metal,an_altar_of_plagues,0.04583901773533424
Metal,kaptain_carbon,0.04556616643929058
Metal,hermaphroditicspork,0.045111414279217825
Metal,WowboyKid,0.04356525693497044
Metal,notyourlandlord,0.04256480218281036
Metal,Samccx19,0.04165529786266484
hiphopheads,TheRoyalGodfrey,0.07624591110255917
hiphopheads,RafiakaMacakaDirk,0.04203146045795651
hiphopheads,Awhile2,0.03612661150663844
hiphopheads,oldcarfreddy,0.032675101019819124
hiphopheads,grinchnight14,0.029836925149124494
hiphopheads,PLS_PM_ME_PUSSY_PICS,0.028754569944198574
hiphopheads,Vadermaulkylo,0.028646334423705982
hiphopheads,corndogs1001,0.028008947469694054
hiphopheads,nd20,0.027563979218780066
hiphopheads,rsbor,0.02525495478160477
indieheads,InSearchOfGoodPun,0.044257703081232495
indieheads,joshuatx,0.037784002489884845
indieheads,PaulaAbdulJabar,0.036196700902583256
indieheads,plzaskmeaboutloom,0.03439153439153439
indieheads,thequietthingsthat,0.0324307500778089
indieheads,ReconEG,0.02956738250855898
indieheads,aberon34681,0.028229069405539993
indieheads,finelytunedsounds,0.028229069405539993
indieheads,Yoooooouuuuuuuu,0.02819794584500467
indieheads,seaofblasphemy,0.027948957360722067
popheads,musicaldigger,0.1140709627500829
popheads,joshually,0.09944364614420986
popheads,McIgglyTuffMuffin,0.09653292067351976
popheads,KLJohnnes,0.09502229099885781
popheads,Bordersz,0.0901219557127593
popheads,outsideeyess,0.0854058435577171
popheads,Ghost-Quartet,0.08293725360156222
popheads,akanewasright,0.08083710990752
popheads,shoestring-theory,0.0763420655097454
popheads,dmnaf,0.07155226410228069
