subreddit,author,betweenness_centrality
Metal,whoelsebut_rxe,0.0310665709826221
Metal,onairmastering,0.03019625603186305
Metal,sardonic_malcontent,0.028469836483451916
Metal,Towering_Flesh,0.027188946283783568
Metal,kaptain_carbon,0.02121467328661517
Metal,Samccx19,0.018939881137829476
Metal,an_altar_of_plagues,0.01870839498570886
Metal,ThePiperMan,0.01783723524930396
Metal,JKevill,0.01771965552891801
Metal,notyourlandlord,0.01630650961385779
hiphopheads,TheRoyalGodfrey,0.0592516817287598
hiphopheads,oldcarfreddy,0.021958115569903694
hiphopheads,RafiakaMacakaDirk,0.020126596141731685
hiphopheads,Awhile2,0.018021795047549284
hiphopheads,corndogs1001,0.014274712232549395
hiphopheads,DreamCatcher24,0.014028022719417714
hiphopheads,rsbor,0.012662499065518657
hiphopheads,nd20,0.011960371738428508
hiphopheads,youcantkillmehaha,0.010084825183840225
hiphopheads,jeremicci,0.009787025032465724
indieheads,ReconEG,0.02628029395608335
indieheads,InSearchOfGoodPun,0.01893096065873628
indieheads,joshuatx,0.017857576391223224
indieheads,thequietthingsthat,0.016402563261023885
indieheads,plzaskmeaboutloom,0.014931046694902712
indieheads,ScCloudy,0.014751624489270884
indieheads,BertMacklinMD,0.014002552356212445
indieheads,seaofblasphemy,0.013907965786406934
indieheads,putcoolusernamehere,0.013129741400545122
indieheads,Yoooooouuuuuuuu,0.01300010195997217
popheads,musicaldigger,0.033222727876179775
popheads,joshually,0.025844883650107505
popheads,McIgglyTuffMuffin,0.02118300807460267
popheads,Ghost-Quartet,0.02090152951876248
popheads,Bordersz,0.019916326846823353
popheads,KLJohnnes,0.01981337376698771
popheads,dmnaf,0.019457205065877992
popheads,CalmTheHead,0.01739971148404845
popheads,outsideeyess,0.01602503022503566
popheads,akanewasright,0.015439356825612559
