author,degree_centrality,betweenness_centrality,eigenvector_centrality,pagerank,subreddit,comment_count,degree_centrality_norm,betweenness_centrality_norm,comment_count_norm,influence_score
whoelsebut_rxe,0.05529786266484765,0.0310665709826221,0.2394996146354539,0.006326825232560429,Metal,942,1.0,1.0,0.9467336683417086,0.9822445561139029
onairmastering,0.05056844020009095,0.03019625603186305,0.14850774336301767,0.0032988732903497394,Metal,995,0.9144736842105264,0.9719854839709898,1.0,0.9621530560605054
sardonic_malcontent,0.05475216007276034,0.028469836483451916,0.17414223105762008,0.004867366949062962,Metal,849,0.9901315789473685,0.9164138681213728,0.8532663316582915,0.9199372595756775
Towering_Flesh,0.053933606184629376,0.027188946283783568,0.18812040081308146,0.005606884304872089,Metal,895,0.9753289473684211,0.875183369899189,0.8994974874371859,0.9166699349015986
kaptain_carbon,0.04556616643929058,0.02121467328661517,0.2034773194016606,0.007036872351044594,Metal,841,0.8240131578947368,0.682877852804616,0.8452261306532663,0.7840390471175397
an_altar_of_plagues,0.04583901773533424,0.01870839498570886,0.1704240724178929,0.0047180673807564735,Metal,723,0.8289473684210527,0.6022034100954976,0.7266331658291457,0.7192613147818987
WowboyKid,0.04356525693497044,0.015424788134212898,0.21542784862436523,0.004508731148698092,Metal,766,0.7878289473684211,0.4965075850450684,0.7698492462311558,0.6847285928815484
hermaphroditicspork,0.045111414279217825,0.015341471464852784,0.19067320144633387,0.004768726523974368,Metal,731,0.8157894736842106,0.4938257097455151,0.7346733668341708,0.6814295167546321
Samccx19,0.04165529786266484,0.018939881137829476,0.09258951542337021,0.003930642217397396,Metal,593,0.7532894736842105,0.6096547040361807,0.5959798994974874,0.6529746924059595
ThePiperMan,0.040381991814461116,0.01783723524930396,0.16851689256750937,0.004031447722289688,Metal,603,0.7302631578947368,0.5741617013117309,0.6060301507537689,0.6368183366534123
TheRoyalGodfrey,0.07624591110255917,0.0592516817287598,0.23938301175695045,0.007358076487833078,hiphopheads,11470,1.0,1.0,0.43953096259963215,0.8131769875332107
RafiakaMacakaDirk,0.04203146045795651,0.020126596141731685,0.19854944464976934,0.00361937575625023,hiphopheads,7368,0.5512618296529969,0.33967974502169385,0.28234212139791537,0.39109456535753534
MusicMirrorMan,0.0022488935924571867,7.06717048653436e-05,0.00106467021491291,0.00028969014595057877,hiphopheads,26096,0.02949526813880126,0.0011927375359380003,1.0,0.3435626685582464
Awhile2,0.03612661150663844,0.018021795047549284,0.06081928707929546,0.0022633280290145566,hiphopheads,3933,0.47381703470031544,0.3041566841941939,0.15071275291232372,0.30956215726894437
oldcarfreddy,0.032675101019819124,0.021958115569903694,0.058040348081791426,0.001428044359141425,hiphopheads,3293,0.4285488958990536,0.3705905879671527,0.12618792152053954,0.3084424684622486
grinchnight14,0.029836925149124494,0.00950351962742282,0.19142911216172337,0.001584689207125329,hiphopheads,6045,0.39132492113564665,0.16039240322203321,0.23164469650521152,0.26112067362096375
PLS_PM_ME_PUSSY_PICS,0.028754569944198574,0.009324265299514672,0.19140521292715965,0.002345530188600438,hiphopheads,6026,0.3771293375394322,0.15736709959050538,0.23091661557326792,0.2551376842344018
nd20,0.027563979218780066,0.011960371738428508,0.11199822266838515,0.0020024030451897623,hiphopheads,3701,0.3615141955835962,0.20185708471837582,0.14182250153280196,0.23506459394492465
Vadermaulkylo,0.028646334423705982,0.009351920246065541,0.18768426524832185,0.003358358895156985,hiphopheads,4406,0.3757097791798107,0.1578338364955854,0.16883813611281423,0.2341272505960701
corndogs1001,0.028008947469694054,0.014274712232549395,0.009470672617762478,0.001389156350459005,hiphopheads,1901,0.3673501577287066,0.24091657512601336,0.07284641324340896,0.227037715366043
InSearchOfGoodPun,0.044257703081232495,0.01893096065873628,0.2671099442293911,0.006654910124859557,indieheads,3971,1.0,0.7203481319642603,1.0,0.9067827106547535
ReconEG,0.02956738250855898,0.02628029395608335,0.060079798693584395,0.0036840502192159357,indieheads,2505,0.6680731364275668,1.0,0.6308234701586503,0.7662988688620723
joshuatx,0.037784002489884845,0.017857576391223224,0.17150958360273677,0.0034135632637662785,indieheads,2919,0.8537271448663853,0.6795044386133877,0.7350793251070259,0.7561036361955997
PaulaAbdulJabar,0.036196700902583256,0.010042679156884768,0.36877188744115724,0.007588559876900206,indieheads,3883,0.8178621659634318,0.3821372460166144,0.9778393351800554,0.7259462490533671
plzaskmeaboutloom,0.03439153439153439,0.014931046694902712,0.13192896947584895,0.0048017900327883,indieheads,1962,0.7770745428973276,0.568146106731294,0.4940820951901284,0.6131009149395833
thequietthingsthat,0.0324307500778089,0.016402563261023885,0.07165265676548606,0.0026922830401135463,indieheads,1637,0.7327707454289732,0.6241392614722647,0.4122387307982876,0.5897162458998418
seaofblasphemy,0.027948957360722067,0.013907965786406934,0.09824203098823153,0.00412747002544048,indieheads,1786,0.6315049226441631,0.529216522830694,0.44976076555023925,0.5368274036750321
Yoooooouuuuuuuu,0.02819794584500467,0.01300010195997217,0.11554467092416025,0.004079329889920965,indieheads,1860,0.6371308016877637,0.4946711015370097,0.46839587005791994,0.5333992577608978
aberon34681,0.028229069405539993,0.011967288608235042,0.08436519635738793,0.0031479967966360142,indieheads,1376,0.6378340365682137,0.455371185277966,0.34651221354822465,0.47990581179813474
finelytunedsounds,0.028229069405539993,0.007771214079854887,0.10980581813176964,0.0016756539933012915,indieheads,1788,0.6378340365682137,0.2957049906991626,0.4502644170234198,0.4612678147635987
musicaldigger,0.1140709627500829,0.033222727876179775,0.11190426700057944,0.004191107600693767,popheads,5462,1.0,1.0,0.6422859830667921,0.8807619943555974
joshually,0.09944364614420986,0.025844883650107505,0.2332337408489477,0.007808757853832764,popheads,5892,0.8717700258397932,0.7779278013061028,0.6928504233301975,0.7808494168253645
McIgglyTuffMuffin,0.09653292067351976,0.02118300807460267,0.4087955838553967,0.010033432115082565,popheads,7178,0.8462532299741602,0.6376059230762501,0.8440733772342427,0.7759775100948844
Ghost-Quartet,0.08293725360156222,0.02090152951876248,0.23057905135206416,0.006164809496220497,popheads,5734,0.7270671834625324,0.6291334533594569,0.6742709313264346,0.6768238560494746
KLJohnnes,0.09502229099885781,0.01981337376698771,0.18286033958337208,0.006462908444392233,popheads,4500,0.8330103359173127,0.5963800998169575,0.5291627469426152,0.6528510608922952
Bordersz,0.0901219557127593,0.019916326846823353,0.12292248937327264,0.004449754471435914,popheads,4829,0.7900516795865634,0.5994789747865068,0.5678504233301975,0.6524603592344226
outsideeyess,0.0854058435577171,0.01602503022503566,0.1358750874229552,0.003952422688427151,popheads,4540,0.7487080103359173,0.4823514277563396,0.5338664158043274,0.588308617965528
akanewasright,0.08083710990752,0.015439356825612559,0.1265126715235746,0.005160007182527576,popheads,3432,0.7086563307493541,0.4647227308713069,0.40357478833490124,0.5256512833185207
dmnaf,0.07155226410228069,0.019457205065877992,0.07044662871384455,0.003324717268199894,popheads,2477,0.6272609819121447,0.5856594659654222,0.29127469426152397,0.5013983807130303
shoestring-theory,0.0763420655097454,0.013961182757043038,0.09555477400325686,0.0025759640441809653,popheads,3363,0.669250645994832,0.4202298742317607,0.3954609595484478,0.4949804932583468
